-- 대용량 테스트 데이터 초기화 스크립트
-- 비밀번호: {noop}test1234 (평문: test1234)

-- 1. 사용자 데이터 (20명)
INSERT INTO users (user_id, email, password, nickname, created_at, updated_at) VALUES
(1, 'user1@test.com', '{noop}test1234', '철수', NOW(), NOW()),
(2, 'user2@test.com', '{noop}test1234', '영희', NOW(), NOW()),
(3, 'user3@test.com', '{noop}test1234', '민수', NOW(), NOW()),
(4, 'user4@test.com', '{noop}test1234', '지훈', NOW(), NOW()),
(5, 'user5@test.com', '{noop}test1234', '수진', NOW(), NOW()),
(6, 'user6@test.com', '{noop}test1234', '현우', NOW(), NOW()),
(7, 'user7@test.com', '{noop}test1234', '서연', NOW(), NOW()),
(8, 'user8@test.com', '{noop}test1234', '도윤', NOW(), NOW()),
(9, 'user9@test.com', '{noop}test1234', '하은', NOW(), NOW()),
(10, 'user10@test.com', '{noop}test1234', '준서', NOW(), NOW()),
(11, 'user11@test.com', '{noop}test1234', '시우', NOW(), NOW()),
(12, 'user12@test.com', '{noop}test1234', '윤서', NOW(), NOW()),
(13, 'user13@test.com', '{noop}test1234', '예준', NOW(), NOW()),
(14, 'user14@test.com', '{noop}test1234', '서준', NOW(), NOW()),
(15, 'user15@test.com', '{noop}test1234', '지우', NOW(), NOW()),
(16, 'user16@test.com', '{noop}test1234', '민재', NOW(), NOW()),
(17, 'user17@test.com', '{noop}test1234', '하준', NOW(), NOW()),
(18, 'user18@test.com', '{noop}test1234', '채원', NOW(), NOW()),
(19, 'user19@test.com', '{noop}test1234', '지안', NOW(), NOW()),
(20, 'user20@test.com', '{noop}test1234', '은우', NOW(), NOW());

-- 2. 블로그 데이터 (20개)
INSERT INTO blogs (blog_id, user_id, title, created_at, updated_at) VALUES
(1, 1, '철수의 블로그', NOW(), NOW()),
(2, 2, '영희의 블로그', NOW(), NOW()),
(3, 3, '민수의 블로그', NOW(), NOW()),
(4, 4, '지훈의 블로그', NOW(), NOW()),
(5, 5, '수진의 블로그', NOW(), NOW()),
(6, 6, '현우의 블로그', NOW(), NOW()),
(7, 7, '서연의 블로그', NOW(), NOW()),
(8, 8, '도윤의 블로그', NOW(), NOW()),
(9, 9, '하은의 블로그', NOW(), NOW()),
(10, 10, '준서의 블로그', NOW(), NOW()),
(11, 11, '시우의 블로그', NOW(), NOW()),
(12, 12, '윤서의 블로그', NOW(), NOW()),
(13, 13, '예준의 블로그', NOW(), NOW()),
(14, 14, '서준의 블로그', NOW(), NOW()),
(15, 15, '지우의 블로그', NOW(), NOW()),
(16, 16, '민재의 블로그', NOW(), NOW()),
(17, 17, '하준의 블로그', NOW(), NOW()),
(18, 18, '채원의 블로그', NOW(), NOW()),
(19, 19, '지안의 블로그', NOW(), NOW()),
(20, 20, '은우의 블로그', NOW(), NOW());

-- 3. 태그 데이터 (30개)
INSERT INTO tags (tag_id, title, created_at, updated_at) VALUES
(1, 'Java', NOW(), NOW()),
(2, 'Spring', NOW(), NOW()),
(3, 'JPA', NOW(), NOW()),
(4, 'React', NOW(), NOW()),
(5, 'Docker', NOW(), NOW()),
(6, 'Security', NOW(), NOW()),
(7, 'Kubernetes', NOW(), NOW()),
(8, 'AWS', NOW(), NOW()),
(9, 'Python', NOW(), NOW()),
(10, 'Django', NOW(), NOW()),
(11, 'Node.js', NOW(), NOW()),
(12, 'Vue.js', NOW(), NOW()),
(13, 'TypeScript', NOW(), NOW()),
(14, 'JavaScript', NOW(), NOW()),
(15, 'MySQL', NOW(), NOW()),
(16, 'PostgreSQL', NOW(), NOW()),
(17, 'Redis', NOW(), NOW()),
(18, 'MongoDB', NOW(), NOW()),
(19, 'GraphQL', NOW(), NOW()),
(20, 'REST API', NOW(), NOW()),
(21, 'Microservices', NOW(), NOW()),
(22, 'CI/CD', NOW(), NOW()),
(23, 'TDD', NOW(), NOW()),
(24, 'Clean Code', NOW(), NOW()),
(25, 'Design Pattern', NOW(), NOW()),
(26, 'Algorithm', NOW(), NOW()),
(27, 'Data Structure', NOW(), NOW()),
(28, 'Git', NOW(), NOW()),
(29, 'Linux', NOW(), NOW()),
(30, 'DevOps', NOW(), NOW());

-- 4. 게시글 데이터 (100개)
INSERT INTO posts (post_id, blog_id, title, content, view_count, created_at, updated_at) VALUES
(1, 1, 'Spring Boot 시작하기', 'Spring Boot는 스프링 기반 애플리케이션을 쉽게 만들 수 있게 해주는 프레임워크입니다.', 120, NOW(), NOW()),
(2, 1, 'JPA 연관관계 매핑 완벽 가이드', 'JPA에서 엔티티 간의 관계를 매핑하는 방법을 알아봅시다.', 85, NOW(), NOW()),
(3, 1, 'Spring Security 세션 기반 인증', 'Spring Security를 사용한 세션 기반 인증 구현 방법입니다.', 150, NOW(), NOW()),
(4, 2, 'React 컴포넌트 설계 패턴', '재사용 가능한 React 컴포넌트를 설계하는 방법을 소개합니다.', 200, NOW(), NOW()),
(5, 2, 'React Hooks 완전 정복', 'useState, useEffect, useContext 등 모든 Hooks를 다룹니다.', 180, NOW(), NOW()),
(6, 3, 'Docker 컨테이너 기초', 'Docker를 사용하여 애플리케이션을 컨테이너화하는 방법입니다.', 95, NOW(), NOW()),
(7, 3, 'Docker Compose로 멀티 컨테이너 관리', 'Docker Compose를 활용한 마이크로서비스 구축', 110, NOW(), NOW()),
(8, 4, 'Kubernetes 입문', 'Kubernetes의 기본 개념과 아키텍처를 알아봅니다.', 75, NOW(), NOW()),
(9, 4, 'Kubernetes Pod와 Service', 'Pod와 Service의 개념과 사용법을 다룹니다.', 60, NOW(), NOW()),
(10, 5, 'AWS EC2로 서버 배포하기', 'AWS EC2 인스턴스에 Spring Boot 애플리케이션을 배포하는 방법', 140, NOW(), NOW()),
(11, 5, 'AWS RDS MySQL 설정', 'AWS RDS를 사용한 MySQL 데이터베이스 구축', 90, NOW(), NOW()),
(12, 6, 'Python Django 시작하기', 'Django 프레임워크로 웹 개발을 시작해봅시다.', 130, NOW(), NOW()),
(13, 6, 'Django ORM 완벽 가이드', 'Django의 강력한 ORM 기능을 활용하는 방법', 105, NOW(), NOW()),
(14, 7, 'Node.js Express 입문', 'Express.js로 REST API 서버 구축하기', 155, NOW(), NOW()),
(15, 7, 'Node.js 비동기 프로그래밍', 'Promise와 async/await 완전 정복', 170, NOW(), NOW()),
(16, 8, 'Vue.js 3 시작하기', 'Vue 3의 새로운 기능과 Composition API', 125, NOW(), NOW()),
(17, 8, 'Vue Router와 Vuex', 'Vue 애플리케이션의 라우팅과 상태 관리', 98, NOW(), NOW()),
(18, 9, 'TypeScript 기초부터 고급까지', 'TypeScript의 모든 것을 다룹니다.', 210, NOW(), NOW()),
(19, 9, 'TypeScript 제네릭 마스터하기', '제네릭을 활용한 타입 안전성 향상', 145, NOW(), NOW()),
(20, 10, 'JavaScript ES6+ 완전 정복', '최신 JavaScript 문법과 기능들', 190, NOW(), NOW()),
(21, 10, 'JavaScript 클로저와 스코프', '클로저의 개념과 실전 활용법', 115, NOW(), NOW()),
(22, 11, 'MySQL 성능 최적화', 'MySQL 쿼리 최적화와 인덱싱 전략', 160, NOW(), NOW()),
(23, 11, 'MySQL 트랜잭션과 락', '트랜잭션 격리 수준과 락 메커니즘', 88, NOW(), NOW()),
(24, 12, 'PostgreSQL vs MySQL 비교', '두 데이터베이스의 차이점과 선택 기준', 135, NOW(), NOW()),
(25, 12, 'PostgreSQL JSON 타입 활용', 'PostgreSQL의 강력한 JSON 지원 기능', 72, NOW(), NOW()),
(26, 13, 'Redis 캐싱 전략', 'Redis를 활용한 효과적인 캐싱 구현', 175, NOW(), NOW()),
(27, 13, 'Redis Pub/Sub 패턴', 'Redis의 메시지 브로커 기능 활용', 92, NOW(), NOW()),
(28, 14, 'MongoDB 기초 가이드', 'NoSQL 데이터베이스 MongoDB 시작하기', 142, NOW(), NOW()),
(29, 14, 'MongoDB 집계 파이프라인', '복잡한 데이터 분석을 위한 집계 기능', 78, NOW(), NOW()),
(30, 15, 'GraphQL 입문', 'REST API를 넘어 GraphQL로', 165, NOW(), NOW()),
(31, 15, 'GraphQL 스키마 설계', '효율적인 GraphQL 스키마 구조', 95, NOW(), NOW()),
(32, 16, 'REST API 설계 원칙', 'RESTful한 API를 만드는 방법', 220, NOW(), NOW()),
(33, 16, 'API 버전 관리 전략', 'API 버전을 효과적으로 관리하는 방법', 108, NOW(), NOW()),
(34, 17, '마이크로서비스 아키텍처', '마이크로서비스 패턴과 실전 적용', 185, NOW(), NOW()),
(35, 17, '서비스 메시와 Istio', 'Istio를 활용한 서비스 메시 구축', 67, NOW(), NOW()),
(36, 18, 'CI/CD 파이프라인 구축', 'Jenkins와 GitHub Actions 활용', 195, NOW(), NOW()),
(37, 18, 'GitHub Actions 완벽 가이드', 'GitHub Actions로 자동화하기', 152, NOW(), NOW()),
(38, 19, 'TDD 실천 가이드', '테스트 주도 개발의 원칙과 실습', 178, NOW(), NOW()),
(39, 19, 'JUnit 5 완벽 마스터', 'JUnit 5의 모든 기능 활용하기', 125, NOW(), NOW()),
(40, 20, 'Clean Code 핵심 원칙', '읽기 좋은 코드 작성법', 240, NOW(), NOW()),
(41, 1, 'SOLID 원칙 이해하기', '객체지향 설계의 5가지 원칙', 205, NOW(), NOW()),
(42, 2, '디자인 패턴 - 싱글톤', '싱글톤 패턴의 올바른 사용법', 98, NOW(), NOW()),
(43, 3, '디자인 패턴 - 팩토리', '팩토리 패턴으로 객체 생성 관리', 87, NOW(), NOW()),
(44, 4, '디자인 패턴 - 옵저버', '옵저버 패턴으로 이벤트 처리', 112, NOW(), NOW()),
(45, 5, '알고리즘 - 정렬', '다양한 정렬 알고리즘 비교', 165, NOW(), NOW()),
(46, 6, '알고리즘 - 탐색', '이진 탐색과 해시 테이블', 148, NOW(), NOW()),
(47, 7, '자료구조 - 스택과 큐', '스택과 큐의 구현과 활용', 132, NOW(), NOW()),
(48, 8, '자료구조 - 트리', '이진 트리와 BST 완전 정복', 155, NOW(), NOW()),
(49, 9, '자료구조 - 그래프', '그래프 표현과 순회 알고리즘', 128, NOW(), NOW()),
(50, 10, 'Git 기초 명령어', 'Git의 핵심 명령어 정리', 210, NOW(), NOW()),
(51, 11, 'Git 브랜치 전략', 'Git Flow와 GitHub Flow', 175, NOW(), NOW()),
(52, 12, 'Git Rebase vs Merge', 'Rebase와 Merge의 차이점', 145, NOW(), NOW()),
(53, 13, 'Linux 기본 명령어', 'Linux 터미널 필수 명령어', 188, NOW(), NOW()),
(54, 14, 'Linux 파일 시스템', 'Linux의 디렉토리 구조 이해', 95, NOW(), NOW()),
(55, 15, 'Linux 셸 스크립트', 'Bash 스크립트 작성 가이드', 118, NOW(), NOW()),
(56, 16, 'DevOps 문화와 실천', 'DevOps의 핵심 가치와 도구', 202, NOW(), NOW()),
(57, 17, 'Nginx 웹 서버 설정', 'Nginx 설정과 최적화', 135, NOW(), NOW()),
(58, 18, 'Apache vs Nginx 비교', '웹 서버 선택 가이드', 92, NOW(), NOW()),
(59, 19, 'HTTP/2와 HTTP/3', '최신 HTTP 프로토콜 이해', 168, NOW(), NOW()),
(60, 20, 'HTTPS와 SSL/TLS', '웹 보안의 기초', 195, NOW(), NOW()),
(61, 1, 'OAuth 2.0 완벽 가이드', 'OAuth 인증 흐름 이해하기', 178, NOW(), NOW()),
(62, 2, 'JWT 토큰 인증', 'JWT 기반 인증 구현', 215, NOW(), NOW()),
(63, 3, 'CORS 이슈 해결하기', 'CORS의 원인과 해결 방법', 142, NOW(), NOW()),
(64, 4, 'XSS와 CSRF 방어', '웹 보안 취약점 대응', 158, NOW(), NOW()),
(65, 5, 'SQL Injection 방지', 'SQL 인젝션 공격 방어', 125, NOW(), NOW()),
(66, 6, '암호화 기초', '대칭키와 비대칭키 암호화', 98, NOW(), NOW()),
(67, 7, 'WebSocket 실시간 통신', 'WebSocket으로 채팅 구현', 185, NOW(), NOW()),
(68, 8, 'Server-Sent Events', 'SSE를 활용한 실시간 업데이트', 72, NOW(), NOW()),
(69, 9, 'gRPC 입문', 'gRPC와 Protocol Buffers', 88, NOW(), NOW()),
(70, 10, 'Message Queue - RabbitMQ', 'RabbitMQ로 비동기 처리', 165, NOW(), NOW()),
(71, 11, 'Message Queue - Kafka', 'Kafka 스트리밍 플랫폼', 192, NOW(), NOW()),
(72, 12, 'Elasticsearch 검색 엔진', 'Elasticsearch로 전문 검색 구현', 148, NOW(), NOW()),
(73, 13, 'Logstash와 Kibana', 'ELK 스택으로 로그 분석', 112, NOW(), NOW()),
(74, 14, 'Prometheus 모니터링', 'Prometheus로 시스템 모니터링', 135, NOW(), NOW()),
(75, 15, 'Grafana 대시보드', 'Grafana로 메트릭 시각화', 105, NOW(), NOW()),
(76, 16, 'Terraform 인프라 코드', 'Terraform으로 IaC 구현', 178, NOW(), NOW()),
(77, 17, 'Ansible 자동화', 'Ansible로 서버 관리 자동화', 92, NOW(), NOW()),
(78, 18, 'Helm 차트', 'Helm으로 Kubernetes 배포', 118, NOW(), NOW()),
(79, 19, 'Service Mesh 개념', '서비스 메시 아키텍처 이해', 85, NOW(), NOW()),
(80, 20, 'API Gateway 패턴', 'API Gateway 설계와 구현', 155, NOW(), NOW()),
(81, 1, 'DDD 도메인 주도 설계', 'DDD의 핵심 개념과 패턴', 198, NOW(), NOW()),
(82, 2, '이벤트 소싱', 'Event Sourcing 패턴 이해', 122, NOW(), NOW()),
(83, 3, 'CQRS 패턴', 'Command와 Query 분리', 145, NOW(), NOW()),
(84, 4, 'Saga 패턴', '분산 트랜잭션 관리', 108, NOW(), NOW()),
(85, 5, 'Circuit Breaker', '장애 전파 방지 패턴', 175, NOW(), NOW()),
(86, 6, 'Bulkhead 패턴', '격벽 패턴으로 장애 격리', 88, NOW(), NOW()),
(87, 7, 'Rate Limiting', 'API 요청 제한 구현', 162, NOW(), NOW()),
(88, 8, 'Load Balancing', '로드 밸런싱 전략', 195, NOW(), NOW()),
(89, 9, 'Caching 전략', '효과적인 캐싱 패턴', 215, NOW(), NOW()),
(90, 10, 'Database Sharding', '데이터베이스 샤딩 기법', 132, NOW(), NOW()),
(91, 11, 'Database Replication', 'DB 복제와 고가용성', 148, NOW(), NOW()),
(92, 12, 'Connection Pool', '커넥션 풀 최적화', 105, NOW(), NOW()),
(93, 13, 'N+1 문제 해결', 'JPA N+1 쿼리 문제 해결', 225, NOW(), NOW()),
(94, 14, '페이징 처리', '효율적인 페이징 구현', 138, NOW(), NOW()),
(95, 15, '검색 최적화', '전문 검색 성능 향상', 115, NOW(), NOW()),
(96, 16, '이미지 처리', '이미지 업로드와 리사이징', 168, NOW(), NOW()),
(97, 17, '파일 스토리지', 'S3와 CDN 활용', 152, NOW(), NOW()),
(98, 18, '이메일 발송', 'SMTP와 이메일 서비스', 98, NOW(), NOW()),
(99, 19, 'SMS 인증', '문자 인증 구현', 125, NOW(), NOW()),
(100, 20, '결제 연동', '결제 시스템 통합', 188, NOW(), NOW());

-- 5. 태그 매핑 데이터 (각 게시글마다 1-3개 태그)
INSERT INTO tag_maps (tag_map_id, post_id, tag_id, created_at, updated_at) VALUES
-- Post 1-10
(1, 1, 2, NOW(), NOW()), (2, 1, 1, NOW(), NOW()),
(3, 2, 3, NOW(), NOW()), (4, 2, 2, NOW(), NOW()),
(5, 3, 6, NOW(), NOW()), (6, 3, 2, NOW(), NOW()),
(7, 4, 4, NOW(), NOW()), (8, 4, 14, NOW(), NOW()),
(9, 5, 4, NOW(), NOW()), (10, 5, 13, NOW(), NOW()),
(11, 6, 5, NOW(), NOW()), (12, 6, 30, NOW(), NOW()),
(13, 7, 5, NOW(), NOW()), (14, 7, 21, NOW(), NOW()),
(15, 8, 7, NOW(), NOW()), (16, 8, 30, NOW(), NOW()),
(17, 9, 7, NOW(), NOW()),
(18, 10, 8, NOW(), NOW()), (19, 10, 30, NOW(), NOW()),
-- Post 11-20
(20, 11, 8, NOW(), NOW()), (21, 11, 15, NOW(), NOW()),
(22, 12, 9, NOW(), NOW()), (23, 12, 10, NOW(), NOW()),
(24, 13, 10, NOW(), NOW()),
(25, 14, 11, NOW(), NOW()), (26, 14, 14, NOW(), NOW()),
(27, 15, 11, NOW(), NOW()),
(28, 16, 12, NOW(), NOW()), (29, 16, 14, NOW(), NOW()),
(30, 17, 12, NOW(), NOW()),
(31, 18, 13, NOW(), NOW()), (32, 18, 14, NOW(), NOW()),
(33, 19, 13, NOW(), NOW()),
(34, 20, 14, NOW(), NOW()),
-- Post 21-30
(35, 21, 14, NOW(), NOW()),
(36, 22, 15, NOW(), NOW()),
(37, 23, 15, NOW(), NOW()),
(38, 24, 16, NOW(), NOW()), (39, 24, 15, NOW(), NOW()),
(40, 25, 16, NOW(), NOW()),
(41, 26, 17, NOW(), NOW()),
(42, 27, 17, NOW(), NOW()),
(43, 28, 18, NOW(), NOW()),
(44, 29, 18, NOW(), NOW()),
(45, 30, 19, NOW(), NOW()), (46, 30, 20, NOW(), NOW()),
-- Post 31-40
(47, 31, 19, NOW(), NOW()),
(48, 32, 20, NOW(), NOW()),
(49, 33, 20, NOW(), NOW()),
(50, 34, 21, NOW(), NOW()),
(51, 35, 21, NOW(), NOW()), (52, 35, 7, NOW(), NOW()),
(53, 36, 22, NOW(), NOW()), (54, 36, 28, NOW(), NOW()),
(55, 37, 22, NOW(), NOW()), (56, 37, 28, NOW(), NOW()),
(57, 38, 23, NOW(), NOW()),
(58, 39, 23, NOW(), NOW()), (59, 39, 1, NOW(), NOW()),
(60, 40, 24, NOW(), NOW()),
-- Post 41-50
(61, 41, 25, NOW(), NOW()),
(62, 42, 25, NOW(), NOW()),
(63, 43, 25, NOW(), NOW()),
(64, 44, 25, NOW(), NOW()),
(65, 45, 26, NOW(), NOW()),
(66, 46, 26, NOW(), NOW()),
(67, 47, 27, NOW(), NOW()),
(68, 48, 27, NOW(), NOW()),
(69, 49, 27, NOW(), NOW()),
(70, 50, 28, NOW(), NOW()),
-- Post 51-60
(71, 51, 28, NOW(), NOW()),
(72, 52, 28, NOW(), NOW()),
(73, 53, 29, NOW(), NOW()),
(74, 54, 29, NOW(), NOW()),
(75, 55, 29, NOW(), NOW()),
(76, 56, 30, NOW(), NOW()),
(77, 57, 30, NOW(), NOW()),
(78, 58, 30, NOW(), NOW()),
(79, 59, 20, NOW(), NOW()),
(80, 60, 6, NOW(), NOW()),
-- Post 61-70
(81, 61, 6, NOW(), NOW()),
(82, 62, 6, NOW(), NOW()),
(83, 63, 20, NOW(), NOW()),
(84, 64, 6, NOW(), NOW()),
(85, 65, 6, NOW(), NOW()),
(86, 66, 6, NOW(), NOW()),
(87, 67, 14, NOW(), NOW()),
(88, 68, 14, NOW(), NOW()),
(89, 69, 20, NOW(), NOW()),
(90, 70, 11, NOW(), NOW()),
-- Post 71-80
(91, 71, 11, NOW(), NOW()),
(92, 72, 14, NOW(), NOW()),
(93, 73, 30, NOW(), NOW()),
(94, 74, 30, NOW(), NOW()),
(95, 75, 30, NOW(), NOW()),
(96, 76, 30, NOW(), NOW()),
(97, 77, 30, NOW(), NOW()),
(98, 78, 7, NOW(), NOW()),
(99, 79, 21, NOW(), NOW()),
(100, 80, 20, NOW(), NOW()),
-- Post 81-90
(101, 81, 25, NOW(), NOW()),
(102, 82, 25, NOW(), NOW()),
(103, 83, 25, NOW(), NOW()),
(104, 84, 21, NOW(), NOW()),
(105, 85, 21, NOW(), NOW()),
(106, 86, 21, NOW(), NOW()),
(107, 87, 20, NOW(), NOW()),
(108, 88, 30, NOW(), NOW()),
(109, 89, 17, NOW(), NOW()),
(110, 90, 15, NOW(), NOW()),
-- Post 91-100
(111, 91, 15, NOW(), NOW()),
(112, 92, 15, NOW(), NOW()),
(113, 93, 3, NOW(), NOW()), (114, 93, 2, NOW(), NOW()),
(115, 94, 20, NOW(), NOW()),
(116, 95, 14, NOW(), NOW()),
(117, 96, 8, NOW(), NOW()),
(118, 97, 8, NOW(), NOW()),
(119, 98, 11, NOW(), NOW()),
(120, 99, 6, NOW(), NOW()),
(121, 100, 20, NOW(), NOW());

-- 6. 댓글 데이터 (200개)
INSERT INTO comments (comment_id, user_id, post_id, parent_id, content, created_at, updated_at) VALUES
-- Post 1 댓글
(1, 2, 1, NULL, '좋은 글 감사합니다!', NOW(), NOW()),
(2, 3, 1, NULL, '많은 도움이 되었습니다.', NOW(), NOW()),
(3, 1, 1, 1, '도움이 되셨다니 기쁩니다 :)', NOW(), NOW()),
(4, 4, 1, NULL, 'Spring Boot 공부 중인데 정말 유용하네요', NOW(), NOW()),
(5, 5, 1, 2, '저도 이 글로 많이 배웠어요', NOW(), NOW()),
-- Post 2 댓글
(6, 6, 2, NULL, 'JPA 연관관계 이해가 쉽게 됐어요', NOW(), NOW()),
(7, 7, 2, NULL, 'N+1 문제도 다뤄주시면 좋겠어요', NOW(), NOW()),
(8, 1, 2, 7, '다음 포스팅에서 다루겠습니다!', NOW(), NOW()),
(9, 8, 2, NULL, '실무에서 바로 적용했습니다', NOW(), NOW()),
-- Post 3 댓글
(10, 9, 3, NULL, 'Spring Security 설정이 어려웠는데 명쾌하네요', NOW(), NOW()),
(11, 10, 3, NULL, 'JWT 방식도 궁금합니다', NOW(), NOW()),
(12, 1, 3, 11, 'JWT 포스팅도 준비 중입니다', NOW(), NOW()),
-- Post 4 댓글
(13, 11, 4, NULL, 'React 입문자에게 딱이에요!', NOW(), NOW()),
(14, 12, 4, NULL, '컴포넌트 설계 감각이 생겼어요', NOW(), NOW()),
(15, 13, 4, 13, '저도 그래요! 많은 도움이 됐습니다', NOW(), NOW()),
(16, 2, 4, NULL, 'Hooks도 다뤄주세요', NOW(), NOW()),
(17, 2, 4, 16, '다음 포스팅이 Hooks 예정입니다', NOW(), NOW()),
-- Post 5 댓글
(18, 14, 5, NULL, 'useEffect 사용법 완전 이해했어요', NOW(), NOW()),
(19, 15, 5, NULL, 'Custom Hook 만드는 법도 알려주세요', NOW(), NOW()),
(20, 2, 5, 19, '조만간 Custom Hook 포스팅 올리겠습니다', NOW(), NOW()),
-- Post 6-10 댓글
(21, 16, 6, NULL, 'Docker 초보자가 따라하기 좋아요', NOW(), NOW()),
(22, 17, 7, NULL, 'Docker Compose 설정 예제가 도움됐습니다', NOW(), NOW()),
(23, 18, 8, NULL, 'Kubernetes 개념이 잘 정리됐네요', NOW(), NOW()),
(24, 19, 9, NULL, 'Pod 설정 방법 감사합니다', NOW(), NOW()),
(25, 20, 10, NULL, 'AWS 배포 성공했습니다!', NOW(), NOW()),
(26, 1, 10, 25, '축하드립니다!', NOW(), NOW()),
(27, 3, 11, NULL, 'RDS 설정 따라하기 쉬웠어요', NOW(), NOW()),
(28, 4, 12, NULL, 'Django ORM이 JPA와 비슷하네요', NOW(), NOW()),
(29, 5, 13, NULL, 'Django 마이그레이션 이해했어요', NOW(), NOW()),
(30, 6, 14, NULL, 'Express 라우팅 설명 감사합니다', NOW(), NOW()),
-- Post 11-20 댓글
(31, 7, 15, NULL, 'async/await 개념이 명확해졌어요', NOW(), NOW()),
(32, 8, 16, NULL, 'Vue 3 Composition API 좋네요', NOW(), NOW()),
(33, 9, 17, NULL, 'Vuex 대신 Pinia 써보세요', NOW(), NOW()),
(34, 10, 18, NULL, 'TypeScript 도입 결정했습니다', NOW(), NOW()),
(35, 11, 19, NULL, '제네릭 설명이 최고예요', NOW(), NOW()),
(36, 12, 20, NULL, 'ES6+ 문법 정리 감사합니다', NOW(), NOW()),
(37, 13, 21, NULL, '클로저 이제야 이해했어요', NOW(), NOW()),
(38, 14, 22, NULL, '인덱스 설정 바로 적용했어요', NOW(), NOW()),
(39, 15, 23, NULL, '트랜잭션 격리 수준 이해했습니다', NOW(), NOW()),
(40, 16, 24, NULL, 'PostgreSQL로 마이그레이션 고려중입니다', NOW(), NOW()),
-- Post 21-30 댓글
(41, 17, 25, NULL, 'JSON 타입 활용 예제 좋아요', NOW(), NOW()),
(42, 18, 26, NULL, 'Redis 캐싱으로 성능 2배 향상!', NOW(), NOW()),
(43, 19, 27, NULL, 'Pub/Sub 패턴 유용하네요', NOW(), NOW()),
(44, 20, 28, NULL, 'MongoDB 스키마 설계 참고했어요', NOW(), NOW()),
(45, 1, 29, NULL, '집계 파이프라인 강력하네요', NOW(), NOW()),
(46, 2, 30, NULL, 'GraphQL 도입 검토 중입니다', NOW(), NOW()),
(47, 3, 31, NULL, '스키마 설계 가이드 감사합니다', NOW(), NOW()),
(48, 4, 32, NULL, 'REST API 설계 원칙 잘 배웠어요', NOW(), NOW()),
(49, 5, 33, NULL, 'API 버전 관리 적용했습니다', NOW(), NOW()),
(50, 6, 34, NULL, '마이크로서비스 전환 고려중입니다', NOW(), NOW()),
-- Post 31-40 댓글
(51, 7, 35, NULL, 'Istio 도입 검토하겠습니다', NOW(), NOW()),
(52, 8, 36, NULL, 'GitHub Actions로 전환했어요', NOW(), NOW()),
(53, 9, 37, NULL, 'CI/CD 구축 성공!', NOW(), NOW()),
(54, 10, 38, NULL, 'TDD 실천하고 있습니다', NOW(), NOW()),
(55, 11, 39, NULL, 'JUnit 5 마이그레이션 완료', NOW(), NOW()),
(56, 12, 40, NULL, 'Clean Code 교과서네요', NOW(), NOW()),
(57, 13, 41, NULL, 'SOLID 원칙 이해했어요', NOW(), NOW()),
(58, 14, 42, NULL, '싱글톤 안티패턴 주의하겠습니다', NOW(), NOW()),
(59, 15, 43, NULL, '팩토리 패턴 적용했어요', NOW(), NOW()),
(60, 16, 44, NULL, '옵저버 패턴 유용하네요', NOW(), NOW()),
-- Post 41-50 댓글
(61, 17, 45, NULL, '정렬 알고리즘 복습했어요', NOW(), NOW()),
(62, 18, 46, NULL, '이진 탐색 구현 성공', NOW(), NOW()),
(63, 19, 47, NULL, '스택/큐 활용법 배웠어요', NOW(), NOW()),
(64, 20, 48, NULL, 'BST 구현 도전하겠습니다', NOW(), NOW()),
(65, 1, 49, NULL, '그래프 순회 이해했어요', NOW(), NOW()),
(66, 2, 50, NULL, 'Git 명령어 정리 감사합니다', NOW(), NOW()),
(67, 3, 51, NULL, 'Git Flow 적용했습니다', NOW(), NOW()),
(68, 4, 52, NULL, 'Rebase 사용법 배웠어요', NOW(), NOW()),
(69, 5, 53, NULL, 'Linux 명령어 정리 유용해요', NOW(), NOW()),
(70, 6, 54, NULL, '파일 시스템 이해했습니다', NOW(), NOW()),
-- Post 51-60 댓글
(71, 7, 55, NULL, '셸 스크립트 작성 시작했어요', NOW(), NOW()),
(72, 8, 56, NULL, 'DevOps 문화 도입 중입니다', NOW(), NOW()),
(73, 9, 57, NULL, 'Nginx 설정 성공했어요', NOW(), NOW()),
(74, 10, 58, NULL, 'Nginx 선택했습니다', NOW(), NOW()),
(75, 11, 59, NULL, 'HTTP/3 공부하겠습니다', NOW(), NOW()),
(76, 12, 60, NULL, 'SSL 인증서 적용 완료', NOW(), NOW()),
(77, 13, 61, NULL, 'OAuth 구현 성공!', NOW(), NOW()),
(78, 14, 62, NULL, 'JWT 토큰 방식 적용했어요', NOW(), NOW()),
(79, 15, 63, NULL, 'CORS 문제 해결했습니다', NOW(), NOW()),
(80, 16, 64, NULL, 'XSS 방어 적용했어요', NOW(), NOW()),
-- Post 61-70 댓글
(81, 17, 65, NULL, 'Prepared Statement 사용중입니다', NOW(), NOW()),
(82, 18, 66, NULL, '암호화 개념 이해했어요', NOW(), NOW()),
(83, 19, 67, NULL, 'WebSocket 채팅 구현 완료', NOW(), NOW()),
(84, 20, 68, NULL, 'SSE 적용 고려중입니다', NOW(), NOW()),
(85, 1, 69, NULL, 'gRPC 성능이 좋네요', NOW(), NOW()),
(86, 2, 70, NULL, 'RabbitMQ 도입했습니다', NOW(), NOW()),
(87, 3, 71, NULL, 'Kafka 학습 시작했어요', NOW(), NOW()),
(88, 4, 72, NULL, 'Elasticsearch 검색 구현 완료', NOW(), NOW()),
(89, 5, 73, NULL, 'ELK 스택 구축했습니다', NOW(), NOW()),
(90, 6, 74, NULL, 'Prometheus 모니터링 적용', NOW(), NOW()),
-- Post 71-80 댓글
(91, 7, 75, NULL, 'Grafana 대시보드 멋지네요', NOW(), NOW()),
(92, 8, 76, NULL, 'Terraform 코드 관리 편해요', NOW(), NOW()),
(93, 9, 77, NULL, 'Ansible 자동화 성공!', NOW(), NOW()),
(94, 10, 78, NULL, 'Helm 차트 작성했어요', NOW(), NOW()),
(95, 11, 79, NULL, 'Service Mesh 도입 검토중', NOW(), NOW()),
(96, 12, 80, NULL, 'API Gateway 구축했습니다', NOW(), NOW()),
(97, 13, 81, NULL, 'DDD 설계 적용중입니다', NOW(), NOW()),
(98, 14, 82, NULL, '이벤트 소싱 흥미롭네요', NOW(), NOW()),
(99, 15, 83, NULL, 'CQRS 패턴 이해했어요', NOW(), NOW()),
(100, 16, 84, NULL, 'Saga 패턴 구현 도전', NOW(), NOW()),
-- Post 81-90 댓글
(101, 17, 85, NULL, 'Circuit Breaker 적용 완료', NOW(), NOW()),
(102, 18, 86, NULL, 'Bulkhead 패턴 유용해요', NOW(), NOW()),
(103, 19, 87, NULL, 'Rate Limiting 구현했어요', NOW(), NOW()),
(104, 20, 88, NULL, '로드 밸런싱 적용했습니다', NOW(), NOW()),
(105, 1, 89, NULL, '캐싱으로 성능 향상!', NOW(), NOW()),
(106, 2, 90, NULL, 'Sharding 전략 수립중', NOW(), NOW()),
(107, 3, 91, NULL, 'DB 복제 구성 완료', NOW(), NOW()),
(108, 4, 92, NULL, 'Connection Pool 최적화', NOW(), NOW()),
(109, 5, 93, NULL, 'N+1 문제 해결했어요!', NOW(), NOW()),
(110, 6, 94, NULL, '페이징 성능 개선 완료', NOW(), NOW()),
-- Post 91-100 댓글
(111, 7, 95, NULL, '검색 속도 크게 향상됐어요', NOW(), NOW()),
(112, 8, 96, NULL, '이미지 리사이징 구현 완료', NOW(), NOW()),
(113, 9, 97, NULL, 'S3 업로드 적용했습니다', NOW(), NOW()),
(114, 10, 98, NULL, '이메일 발송 기능 구현', NOW(), NOW()),
(115, 11, 99, NULL, 'SMS 인증 적용 완료', NOW(), NOW()),
(116, 12, 100, NULL, '결제 연동 성공했어요!', NOW(), NOW()),
-- 추가 대댓글들
(117, 13, 1, 4, '저도 Spring Boot 배우고 있어요', NOW(), NOW()),
(118, 14, 2, 6, 'Fetch Join이 해답이죠', NOW(), NOW()),
(119, 15, 3, 10, 'JWT보다 세션이 관리하기 편해요', NOW(), NOW()),
(120, 16, 4, 14, 'Props drilling 조심하세요', NOW(), NOW()),
(121, 17, 5, 18, 'useCallback도 중요해요', NOW(), NOW()),
(122, 18, 6, 21, 'Docker Desktop 추천합니다', NOW(), NOW()),
(123, 19, 10, 25, '저도 배포 도전하겠습니다', NOW(), NOW()),
(124, 20, 18, 34, '회사에서 TypeScript 전환했어요', NOW(), NOW()),
(125, 1, 26, 42, 'Redis Cluster도 검토해보세요', NOW(), NOW()),
(126, 2, 32, 48, 'API 문서화도 중요해요', NOW(), NOW()),
(127, 3, 36, 52, 'Jenkins보다 GitHub Actions가 편해요', NOW(), NOW()),
(128, 4, 40, 56, '리팩토링할 때 필독이에요', NOW(), NOW()),
(129, 5, 50, 66, 'Git alias 설정 추천해요', NOW(), NOW()),
(130, 6, 60, 76, 'Let''s Encrypt 무료라 좋아요', NOW(), NOW()),
(131, 7, 67, 83, 'Socket.io도 좋아요', NOW(), NOW()),
(132, 8, 72, 88, 'Kibana 시각화 강력해요', NOW(), NOW()),
(133, 9, 80, 96, 'Kong API Gateway 써보세요', NOW(), NOW()),
(134, 10, 85, 101, 'Hystrix도 알아보세요', NOW(), NOW()),
(135, 11, 89, 105, 'Redis Cache Aside 패턴 좋아요', NOW(), NOW()),
(136, 12, 93, 109, 'EntityGraph도 유용해요', NOW(), NOW()),
(137, 13, 100, 116, 'PG사 연동 잘 정리됐네요', NOW(), NOW()),
-- 더 많은 댓글
(138, 14, 1, NULL, 'Spring Initializr 사용하면 편해요', NOW(), NOW()),
(139, 15, 2, NULL, 'Lazy Loading 주의하세요', NOW(), NOW()),
(140, 16, 3, NULL, 'Remember Me 기능도 다뤄주세요', NOW(), NOW()),
(141, 17, 4, NULL, 'Context API vs Redux 비교해주세요', NOW(), NOW()),
(142, 18, 5, NULL, 'useReducer도 설명해주세요', NOW(), NOW()),
(143, 19, 6, NULL, 'Docker 이미지 경량화 팁 있나요?', NOW(), NOW()),
(144, 20, 7, NULL, 'Docker Swarm vs Kubernetes', NOW(), NOW()),
(145, 1, 8, NULL, 'Helm 차트 관리 방법은?', NOW(), NOW()),
(146, 2, 9, NULL, 'Ingress Controller 추천해주세요', NOW(), NOW()),
(147, 3, 10, NULL, 'AWS Lambda도 고려해보세요', NOW(), NOW()),
(148, 4, 15, NULL, 'Promise all vs allSettled', NOW(), NOW()),
(149, 5, 20, NULL, 'Optional Chaining 편리해요', NOW(), NOW()),
(150, 6, 25, NULL, 'JSONB 성능이 더 좋아요', NOW(), NOW()),
(151, 7, 30, NULL, 'Apollo Server 추천합니다', NOW(), NOW()),
(152, 8, 35, NULL, 'Service Mesh 복잡도 주의하세요', NOW(), NOW()),
(153, 9, 40, NULL, '네이밍 컨벤션도 중요해요', NOW(), NOW()),
(154, 10, 45, NULL, 'Quick Sort가 실전에서 빨라요', NOW(), NOW()),
(155, 11, 50, NULL, 'Git GUI 툴 추천해주세요', NOW(), NOW()),
(156, 12, 55, NULL, 'Bash vs Zsh 뭐가 나을까요?', NOW(), NOW()),
(157, 13, 60, NULL, 'mTLS도 알아보세요', NOW(), NOW()),
(158, 14, 65, NULL, 'Mybatis도 안전한가요?', NOW(), NOW()),
(159, 15, 70, NULL, 'Kafka Connect 유용해요', NOW(), NOW()),
(160, 16, 75, NULL, 'Alert Manager 설정법은?', NOW(), NOW()),
(161, 17, 80, NULL, 'API Gateway 비용은 어떤가요?', NOW(), NOW()),
(162, 18, 85, NULL, 'Resilience4j 써보세요', NOW(), NOW()),
(163, 19, 90, NULL, 'Consistent Hashing 공부중', NOW(), NOW()),
(164, 20, 95, NULL, 'Algolia도 좋아요', NOW(), NOW()),
(165, 1, 100, NULL, 'PCI DSS 준수 필요해요', NOW(), NOW()),
-- 마지막 35개 댓글
(166, 2, 11, NULL, 'Aurora DB도 좋아요', NOW(), NOW()),
(167, 3, 12, NULL, 'FastAPI가 더 빠르지 않나요?', NOW(), NOW()),
(168, 4, 13, NULL, 'SQLAlchemy 비교해주세요', NOW(), NOW()),
(169, 5, 14, NULL, 'NestJS도 고려해보세요', NOW(), NOW()),
(170, 6, 16, NULL, 'Nuxt.js는 어떤가요?', NOW(), NOW()),
(171, 7, 17, NULL, 'Pinia 마이그레이션 가이드 부탁해요', NOW(), NOW()),
(172, 8, 18, NULL, 'any 타입 쓰지 마세요', NOW(), NOW()),
(173, 9, 19, NULL, 'Utility Types 유용해요', NOW(), NOW()),
(174, 10, 21, NULL, 'This 바인딩 설명 감사해요', NOW(), NOW()),
(175, 11, 22, NULL, 'Explain 명령어 필수예요', NOW(), NOW()),
(176, 12, 23, NULL, 'Dead Lock 경험 있어요', NOW(), NOW()),
(177, 13, 24, NULL, 'CockroachDB도 있어요', NOW(), NOW()),
(178, 14, 26, NULL, 'Cache Stampede 조심하세요', NOW(), NOW()),
(179, 15, 27, NULL, 'Redis Stream도 좋아요', NOW(), NOW()),
(180, 16, 28, NULL, 'DocumentDB 써보세요', NOW(), NOW()),
(181, 17, 29, NULL, 'Aggregation 성능 주의', NOW(), NOW()),
(182, 18, 31, NULL, 'Schema Stitching은요?', NOW(), NOW()),
(183, 19, 32, NULL, 'HATEOAS 적용하시나요?', NOW(), NOW()),
(184, 20, 33, NULL, 'Semantic Versioning 추천', NOW(), NOW()),
(185, 1, 34, NULL, 'DDD 같이 적용하면 좋아요', NOW(), NOW()),
(186, 2, 36, NULL, 'ArgoCD도 검토하세요', NOW(), NOW()),
(187, 3, 37, NULL, 'Self-hosted Runner 써보세요', NOW(), NOW()),
(188, 4, 38, NULL, 'BDD도 배워보세요', NOW(), NOW()),
(189, 5, 41, NULL, 'ISP 원칙 어려워요', NOW(), NOW()),
(190, 6, 42, NULL, 'Enum Singleton 추천', NOW(), NOW()),
(191, 7, 46, NULL, 'Hash Collision 조심하세요', NOW(), NOW()),
(192, 8, 47, NULL, 'Deque 자료구조도 유용해요', NOW(), NOW()),
(193, 9, 51, NULL, 'Trunk Based Development는요?', NOW(), NOW()),
(194, 10, 56, NULL, 'SRE 문화도 중요해요', NOW(), NOW()),
(195, 11, 61, NULL, 'PKCE 플로우 추천해요', NOW(), NOW()),
(196, 12, 71, NULL, 'Schema Registry 필수예요', NOW(), NOW()),
(197, 13, 81, NULL, 'Bounded Context 이해 어려워요', NOW(), NOW()),
(198, 14, 91, NULL, 'Master-Slave 용어 조심하세요', NOW(), NOW()),
(199, 15, 96, NULL, 'Sharp 라이브러리 좋아요', NOW(), NOW()),
(200, 16, 99, NULL, '본인인증 서비스 비용은요?', NOW(), NOW());

-- 7. 좋아요 데이터 (300개)
INSERT INTO likes (like_id, user_id, post_id, created_at, updated_at) VALUES
-- 인기 게시글들에 집중적으로 좋아요
(1, 1, 1, NOW(), NOW()), (2, 2, 1, NOW(), NOW()), (3, 3, 1, NOW(), NOW()), (4, 4, 1, NOW(), NOW()), (5, 5, 1, NOW(), NOW()),
(6, 6, 1, NOW(), NOW()), (7, 7, 1, NOW(), NOW()), (8, 8, 1, NOW(), NOW()), (9, 9, 1, NOW(), NOW()), (10, 10, 1, NOW(), NOW()),
(11, 2, 2, NOW(), NOW()), (12, 3, 2, NOW(), NOW()), (13, 4, 2, NOW(), NOW()), (14, 5, 2, NOW(), NOW()), (15, 6, 2, NOW(), NOW()),
(16, 7, 2, NOW(), NOW()), (17, 8, 2, NOW(), NOW()), (18, 1, 3, NOW(), NOW()), (19, 2, 3, NOW(), NOW()), (20, 3, 3, NOW(), NOW()),
(21, 4, 3, NOW(), NOW()), (22, 5, 3, NOW(), NOW()), (23, 6, 3, NOW(), NOW()), (24, 7, 3, NOW(), NOW()), (25, 8, 3, NOW(), NOW()),
(26, 9, 3, NOW(), NOW()), (27, 10, 3, NOW(), NOW()), (28, 11, 3, NOW(), NOW()), (29, 1, 4, NOW(), NOW()), (30, 2, 4, NOW(), NOW()),
(31, 3, 4, NOW(), NOW()), (32, 4, 4, NOW(), NOW()), (33, 5, 4, NOW(), NOW()), (34, 6, 4, NOW(), NOW()), (35, 7, 4, NOW(), NOW()),
(36, 8, 4, NOW(), NOW()), (37, 9, 4, NOW(), NOW()), (38, 10, 4, NOW(), NOW()), (39, 11, 4, NOW(), NOW()), (40, 12, 4, NOW(), NOW()),
(41, 1, 5, NOW(), NOW()), (42, 2, 5, NOW(), NOW()), (43, 3, 5, NOW(), NOW()), (44, 4, 5, NOW(), NOW()), (45, 5, 5, NOW(), NOW()),
(46, 6, 5, NOW(), NOW()), (47, 7, 5, NOW(), NOW()), (48, 8, 5, NOW(), NOW()), (49, 9, 5, NOW(), NOW()), (50, 1, 6, NOW(), NOW()),
-- 나머지 게시글들
(51, 2, 6, NOW(), NOW()), (52, 3, 6, NOW(), NOW()), (53, 4, 6, NOW(), NOW()), (54, 5, 6, NOW(), NOW()), (55, 1, 7, NOW(), NOW()),
(56, 2, 7, NOW(), NOW()), (57, 3, 7, NOW(), NOW()), (58, 4, 7, NOW(), NOW()), (59, 5, 7, NOW(), NOW()), (60, 6, 7, NOW(), NOW()),
(61, 1, 8, NOW(), NOW()), (62, 2, 8, NOW(), NOW()), (63, 3, 8, NOW(), NOW()), (64, 1, 9, NOW(), NOW()), (65, 2, 9, NOW(), NOW()),
(66, 3, 9, NOW(), NOW()), (67, 4, 9, NOW(), NOW()), (68, 1, 10, NOW(), NOW()), (69, 2, 10, NOW(), NOW()), (70, 3, 10, NOW(), NOW()),
(71, 4, 10, NOW(), NOW()), (72, 5, 10, NOW(), NOW()), (73, 6, 10, NOW(), NOW()), (74, 7, 10, NOW(), NOW()), (75, 1, 11, NOW(), NOW()),
(76, 2, 11, NOW(), NOW()), (77, 3, 11, NOW(), NOW()), (78, 4, 11, NOW(), NOW()), (79, 1, 12, NOW(), NOW()), (80, 2, 12, NOW(), NOW()),
(81, 3, 12, NOW(), NOW()), (82, 4, 12, NOW(), NOW()), (83, 5, 12, NOW(), NOW()), (84, 6, 12, NOW(), NOW()), (85, 1, 13, NOW(), NOW()),
(86, 2, 13, NOW(), NOW()), (87, 3, 13, NOW(), NOW()), (88, 4, 13, NOW(), NOW()), (89, 5, 13, NOW(), NOW()), (90, 1, 14, NOW(), NOW()),
(91, 2, 14, NOW(), NOW()), (92, 3, 14, NOW(), NOW()), (93, 4, 14, NOW(), NOW()), (94, 5, 14, NOW(), NOW()), (95, 6, 14, NOW(), NOW()),
(96, 7, 14, NOW(), NOW()), (97, 8, 14, NOW(), NOW()), (98, 1, 15, NOW(), NOW()), (99, 2, 15, NOW(), NOW()), (100, 3, 15, NOW(), NOW()),
(101, 4, 15, NOW(), NOW()), (102, 5, 15, NOW(), NOW()), (103, 6, 15, NOW(), NOW()), (104, 7, 15, NOW(), NOW()), (105, 8, 15, NOW(), NOW()),
(106, 9, 15, NOW(), NOW()), (107, 1, 16, NOW(), NOW()), (108, 2, 16, NOW(), NOW()), (109, 3, 16, NOW(), NOW()), (110, 4, 16, NOW(), NOW()),
(111, 5, 16, NOW(), NOW()), (112, 6, 16, NOW(), NOW()), (113, 1, 17, NOW(), NOW()), (114, 2, 17, NOW(), NOW()), (115, 3, 17, NOW(), NOW()),
(116, 4, 17, NOW(), NOW()), (117, 5, 17, NOW(), NOW()), (118, 1, 18, NOW(), NOW()), (119, 2, 18, NOW(), NOW()), (120, 3, 18, NOW(), NOW()),
(121, 4, 18, NOW(), NOW()), (122, 5, 18, NOW(), NOW()), (123, 6, 18, NOW(), NOW()), (124, 7, 18, NOW(), NOW()), (125, 8, 18, NOW(), NOW()),
(126, 9, 18, NOW(), NOW()), (127, 10, 18, NOW(), NOW()), (128, 11, 18, NOW(), NOW()), (129, 1, 19, NOW(), NOW()), (130, 2, 19, NOW(), NOW()),
(131, 3, 19, NOW(), NOW()), (132, 4, 19, NOW(), NOW()), (133, 5, 19, NOW(), NOW()), (134, 6, 19, NOW(), NOW()), (135, 7, 19, NOW(), NOW()),
(136, 1, 20, NOW(), NOW()), (137, 2, 20, NOW(), NOW()), (138, 3, 20, NOW(), NOW()), (139, 4, 20, NOW(), NOW()), (140, 5, 20, NOW(), NOW()),
(141, 6, 20, NOW(), NOW()), (142, 7, 20, NOW(), NOW()), (143, 8, 20, NOW(), NOW()), (144, 9, 20, NOW(), NOW()), (145, 10, 20, NOW(), NOW()),
(146, 1, 21, NOW(), NOW()), (147, 2, 21, NOW(), NOW()), (148, 3, 21, NOW(), NOW()), (149, 4, 21, NOW(), NOW()), (150, 5, 21, NOW(), NOW()),
(151, 1, 22, NOW(), NOW()), (152, 2, 22, NOW(), NOW()), (153, 3, 22, NOW(), NOW()), (154, 4, 22, NOW(), NOW()), (155, 5, 22, NOW(), NOW()),
(156, 6, 22, NOW(), NOW()), (157, 7, 22, NOW(), NOW()), (158, 8, 22, NOW(), NOW()), (159, 1, 23, NOW(), NOW()), (160, 2, 23, NOW(), NOW()),
(161, 3, 23, NOW(), NOW()), (162, 4, 23, NOW(), NOW()), (163, 1, 24, NOW(), NOW()), (164, 2, 24, NOW(), NOW()), (165, 3, 24, NOW(), NOW()),
(166, 4, 24, NOW(), NOW()), (167, 5, 24, NOW(), NOW()), (168, 6, 24, NOW(), NOW()), (169, 7, 24, NOW(), NOW()), (170, 1, 25, NOW(), NOW()),
(171, 2, 25, NOW(), NOW()), (172, 3, 25, NOW(), NOW()), (173, 1, 26, NOW(), NOW()), (174, 2, 26, NOW(), NOW()), (175, 3, 26, NOW(), NOW()),
(176, 4, 26, NOW(), NOW()), (177, 5, 26, NOW(), NOW()), (178, 6, 26, NOW(), NOW()), (179, 7, 26, NOW(), NOW()), (180, 8, 26, NOW(), NOW()),
(181, 9, 26, NOW(), NOW()), (182, 1, 27, NOW(), NOW()), (183, 2, 27, NOW(), NOW()), (184, 3, 27, NOW(), NOW()), (185, 4, 27, NOW(), NOW()),
(186, 1, 28, NOW(), NOW()), (187, 2, 28, NOW(), NOW()), (188, 3, 28, NOW(), NOW()), (189, 4, 28, NOW(), NOW()), (190, 5, 28, NOW(), NOW()),
(191, 6, 28, NOW(), NOW()), (192, 7, 28, NOW(), NOW()), (193, 1, 29, NOW(), NOW()), (194, 2, 29, NOW(), NOW()), (195, 3, 29, NOW(), NOW()),
(196, 1, 30, NOW(), NOW()), (197, 2, 30, NOW(), NOW()), (198, 3, 30, NOW(), NOW()), (199, 4, 30, NOW(), NOW()), (200, 5, 30, NOW(), NOW()),
(201, 6, 30, NOW(), NOW()), (202, 7, 30, NOW(), NOW()), (203, 8, 30, NOW(), NOW()), (204, 1, 40, NOW(), NOW()), (205, 2, 40, NOW(), NOW()),
(206, 3, 40, NOW(), NOW()), (207, 4, 40, NOW(), NOW()), (208, 5, 40, NOW(), NOW()), (209, 6, 40, NOW(), NOW()), (210, 7, 40, NOW(), NOW()),
(211, 8, 40, NOW(), NOW()), (212, 9, 40, NOW(), NOW()), (213, 10, 40, NOW(), NOW()), (214, 11, 40, NOW(), NOW()), (215, 12, 40, NOW(), NOW()),
(216, 13, 40, NOW(), NOW()), (217, 1, 50, NOW(), NOW()), (218, 2, 50, NOW(), NOW()), (219, 3, 50, NOW(), NOW()), (220, 4, 50, NOW(), NOW()),
(221, 5, 50, NOW(), NOW()), (222, 6, 50, NOW(), NOW()), (223, 7, 50, NOW(), NOW()), (224, 8, 50, NOW(), NOW()), (225, 9, 50, NOW(), NOW()),
(226, 10, 50, NOW(), NOW()), (227, 11, 50, NOW(), NOW()), (228, 1, 32, NOW(), NOW()), (229, 2, 32, NOW(), NOW()), (230, 3, 32, NOW(), NOW()),
(231, 4, 32, NOW(), NOW()), (232, 5, 32, NOW(), NOW()), (233, 6, 32, NOW(), NOW()), (234, 7, 32, NOW(), NOW()), (235, 8, 32, NOW(), NOW()),
(236, 9, 32, NOW(), NOW()), (237, 10, 32, NOW(), NOW()), (238, 11, 32, NOW(), NOW()), (239, 12, 32, NOW(), NOW()), (240, 1, 62, NOW(), NOW()),
(241, 2, 62, NOW(), NOW()), (242, 3, 62, NOW(), NOW()), (243, 4, 62, NOW(), NOW()), (244, 5, 62, NOW(), NOW()), (245, 6, 62, NOW(), NOW()),
(246, 7, 62, NOW(), NOW()), (247, 8, 62, NOW(), NOW()), (248, 9, 62, NOW(), NOW()), (249, 10, 62, NOW(), NOW()), (250, 11, 62, NOW(), NOW()),
(251, 1, 93, NOW(), NOW()), (252, 2, 93, NOW(), NOW()), (253, 3, 93, NOW(), NOW()), (254, 4, 93, NOW(), NOW()), (255, 5, 93, NOW(), NOW()),
(256, 6, 93, NOW(), NOW()), (257, 7, 93, NOW(), NOW()), (258, 8, 93, NOW(), NOW()), (259, 9, 93, NOW(), NOW()), (260, 10, 93, NOW(), NOW()),
(261, 11, 93, NOW(), NOW()), (262, 12, 93, NOW(), NOW()), (263, 1, 89, NOW(), NOW()), (264, 2, 89, NOW(), NOW()), (265, 3, 89, NOW(), NOW()),
(266, 4, 89, NOW(), NOW()), (267, 5, 89, NOW(), NOW()), (268, 6, 89, NOW(), NOW()), (269, 7, 89, NOW(), NOW()), (270, 8, 89, NOW(), NOW()),
(271, 9, 89, NOW(), NOW()), (272, 10, 89, NOW(), NOW()), (273, 1, 100, NOW(), NOW()), (274, 2, 100, NOW(), NOW()), (275, 3, 100, NOW(), NOW()),
(276, 4, 100, NOW(), NOW()), (277, 5, 100, NOW(), NOW()), (278, 6, 100, NOW(), NOW()), (279, 7, 100, NOW(), NOW()), (280, 8, 100, NOW(), NOW()),
(281, 9, 100, NOW(), NOW()), (282, 1, 41, NOW(), NOW()), (283, 2, 41, NOW(), NOW()), (284, 3, 41, NOW(), NOW()), (285, 4, 41, NOW(), NOW()),
(286, 5, 41, NOW(), NOW()), (287, 6, 41, NOW(), NOW()), (288, 7, 41, NOW(), NOW()), (289, 8, 41, NOW(), NOW()), (290, 9, 41, NOW(), NOW()),
(291, 10, 41, NOW(), NOW()), (292, 1, 60, NOW(), NOW()), (293, 2, 60, NOW(), NOW()), (294, 3, 60, NOW(), NOW()), (295, 4, 60, NOW(), NOW()),
(296, 5, 60, NOW(), NOW()), (297, 6, 60, NOW(), NOW()), (298, 7, 60, NOW(), NOW()), (299, 8, 60, NOW(), NOW()), (300, 9, 60, NOW(), NOW());

-- 8. 팔로우 데이터 (100개 - 각 유저당 평균 5명 팔로우)
INSERT INTO follows (follow_id, follower_id, following_id, created_at, updated_at) VALUES
-- User 1의 팔로우
(1, 1, 2, NOW(), NOW()), (2, 1, 3, NOW(), NOW()), (3, 1, 4, NOW(), NOW()), (4, 1, 5, NOW(), NOW()), (5, 1, 10, NOW(), NOW()),
-- User 2의 팔로우
(6, 2, 1, NOW(), NOW()), (7, 2, 3, NOW(), NOW()), (8, 2, 5, NOW(), NOW()), (9, 2, 7, NOW(), NOW()), (10, 2, 11, NOW(), NOW()),
-- User 3의 팔로우
(11, 3, 1, NOW(), NOW()), (12, 3, 2, NOW(), NOW()), (13, 3, 6, NOW(), NOW()), (14, 3, 8, NOW(), NOW()), (15, 3, 12, NOW(), NOW()),
-- User 4의 팔로우
(16, 4, 1, NOW(), NOW()), (17, 4, 2, NOW(), NOW()), (18, 4, 5, NOW(), NOW()), (19, 4, 9, NOW(), NOW()), (20, 4, 13, NOW(), NOW()),
-- User 5의 팔로우
(21, 5, 1, NOW(), NOW()), (22, 5, 3, NOW(), NOW()), (23, 5, 6, NOW(), NOW()), (24, 5, 10, NOW(), NOW()), (25, 5, 14, NOW(), NOW()),
-- User 6의 팔로우
(26, 6, 2, NOW(), NOW()), (27, 6, 4, NOW(), NOW()), (28, 6, 7, NOW(), NOW()), (29, 6, 11, NOW(), NOW()), (30, 6, 15, NOW(), NOW()),
-- User 7의 팔로우
(31, 7, 1, NOW(), NOW()), (32, 7, 3, NOW(), NOW()), (33, 7, 8, NOW(), NOW()), (34, 7, 12, NOW(), NOW()), (35, 7, 16, NOW(), NOW()),
-- User 8의 팔로우
(36, 8, 2, NOW(), NOW()), (37, 8, 4, NOW(), NOW()), (38, 8, 9, NOW(), NOW()), (39, 8, 13, NOW(), NOW()), (40, 8, 17, NOW(), NOW()),
-- User 9의 팔로우
(41, 9, 1, NOW(), NOW()), (42, 9, 5, NOW(), NOW()), (43, 9, 10, NOW(), NOW()), (44, 9, 14, NOW(), NOW()), (45, 9, 18, NOW(), NOW()),
-- User 10의 팔로우
(46, 10, 2, NOW(), NOW()), (47, 10, 6, NOW(), NOW()), (48, 10, 11, NOW(), NOW()), (49, 10, 15, NOW(), NOW()), (50, 10, 19, NOW(), NOW()),
-- User 11의 팔로우
(51, 11, 1, NOW(), NOW()), (52, 11, 3, NOW(), NOW()), (53, 11, 7, NOW(), NOW()), (54, 11, 12, NOW(), NOW()), (55, 11, 20, NOW(), NOW()),
-- User 12의 팔로우
(56, 12, 2, NOW(), NOW()), (57, 12, 4, NOW(), NOW()), (58, 12, 8, NOW(), NOW()), (59, 12, 13, NOW(), NOW()), (60, 12, 1, NOW(), NOW()),
-- User 13의 팔로우
(61, 13, 3, NOW(), NOW()), (62, 13, 5, NOW(), NOW()), (63, 13, 9, NOW(), NOW()), (64, 13, 14, NOW(), NOW()), (65, 13, 2, NOW(), NOW()),
-- User 14의 팔로우
(66, 14, 4, NOW(), NOW()), (67, 14, 6, NOW(), NOW()), (68, 14, 10, NOW(), NOW()), (69, 14, 15, NOW(), NOW()), (70, 14, 3, NOW(), NOW()),
-- User 15의 팔로우
(71, 15, 5, NOW(), NOW()), (72, 15, 7, NOW(), NOW()), (73, 15, 11, NOW(), NOW()), (74, 15, 16, NOW(), NOW()), (75, 15, 4, NOW(), NOW()),
-- User 16의 팔로우
(76, 16, 6, NOW(), NOW()), (77, 16, 8, NOW(), NOW()), (78, 16, 12, NOW(), NOW()), (79, 16, 17, NOW(), NOW()), (80, 16, 5, NOW(), NOW()),
-- User 17의 팔로우
(81, 17, 7, NOW(), NOW()), (82, 17, 9, NOW(), NOW()), (83, 17, 13, NOW(), NOW()), (84, 17, 18, NOW(), NOW()), (85, 17, 6, NOW(), NOW()),
-- User 18의 팔로우
(86, 18, 8, NOW(), NOW()), (87, 18, 10, NOW(), NOW()), (88, 18, 14, NOW(), NOW()), (89, 18, 19, NOW(), NOW()), (90, 18, 7, NOW(), NOW()),
-- User 19의 팔로우
(91, 19, 9, NOW(), NOW()), (92, 19, 11, NOW(), NOW()), (93, 19, 15, NOW(), NOW()), (94, 19, 20, NOW(), NOW()), (95, 19, 8, NOW(), NOW()),
-- User 20의 팔로우
(96, 20, 10, NOW(), NOW()), (97, 20, 12, NOW(), NOW()), (98, 20, 16, NOW(), NOW()), (99, 20, 1, NOW(), NOW()), (100, 20, 9, NOW(), NOW());